"id";"titulo";"autor";"ano";"genero"
1;"lotm";"cuttlefish that loves diving";2018;"fantasia"
2;"coi";"cuttlefish that loves diving";2023;"fantasia"
3;"iliada";"homero";8;"épico"
4;"odisseia";"homero";8;"épico"
5;"king in yellow";"h.p. lovecraft";1895;"terror"
6;"caraval";"stephanie garber";2017;"fantasia"
7;"omnisciente reader";"sing and song";2018;"ação"
8;"memórias póstumas de brás cubas";"machado de assis";1881;"romance"
9;"crime castigo";"fiódor dostoiévski ";1866;"romance"
10;"jogos vorazes";"suzanne collins";2008;"ação"
